1,Canada (01)   20000 (  4.0%),Canada,1,4
10,Newfoundland and Labrador / Terre-Neuve-et-Labrador (10)   00000 (  4.0%),Newfoundland and Labrador / Terre-Neuve-et-Labrador,10,4
10001,Avalon (10001)   00000 (  3.6%),Avalon,10001,3.6
10002,Bonavista--Burin--Trinity (10002)   00000 (  3.8%),Bonavista--Burin--Trinity,10002,3.8
10003,Coast of Bays--Central--Notre Dame (10003)   00000 (  4.4%),Coast of Bays--Central--Notre Dame,10003,4.4
10004,Labrador (10004)   00000 (  4.9%),Labrador,10004,4.9
10005,Long Range Mountains (10005)   00000 (  4.7%),Long Range Mountains,10005,4.7
10006,St. John's East / St. John's-Est (10006)   00000 (  3.7%),St. John's East / St. John's-Est,10006,3.7
10007,St. John's South--Mount Pearl / St. John's-Sud--Mount Pearl (10007)   00000 (  3.7%),St. John's South--Mount Pearl / St. John's-Sud--Mount Pearl,10007,3.7
11,Prince Edward Island / ï¿½le-du-Prince-ï¿½douard (11)   00000 (  4,Prince Edward Island / ï¿½le-du-Prince-ï¿½do,11,4.1
11001,Cardigan (11001)   00000 (  3.8%),Cardigan,11001,3.8
11002,Charlottetown (11002)   00000 (  4.8%),Charlottetown,11002,4.8
11003,Egmont (11003)   00000 (  4.1%),Egmont,11003,4.1
11004,Malpeque (11004)   00000 (  3.7%),Malpeque,11004,3.7
12,Nova Scotia / Nouvelle-ï¿½cosse (12)   00000 (  3.9,Nova Scotia / Nouvelle-ï¿½cos,12,3.9
12001,Cape Breton--Canso (12001)   00000 (  4.3%),Cape Breton--Canso,12001,4.3
12002,Central Nova / Nova-Centre (12002)   00000 (  4.0%),Central Nova / Nova-Centre,12002,4
12003,Cumberland--Colchester (12003)   00000 (  4.1%),Cumberland--Colchester,12003,4.1
12004,Dartmouth--Cole Harbour (12004)   00000 (  3.5%),Dartmouth--Cole Harbour,12004,3.5
12005,Halifax (12005)   00100 (  5.4%),Halifax,12005,5.4
12006,Halifax West / Halifax-Ouest (12006)   00000 (  3.3%),Halifax West / Halifax-Ouest,12006,3.3
12007,Kings--Hants (12007)   00000 (  3.6%),Kings--Hants,12007,3.6
12008,Sackville--Preston--Chezzetcook (12008)   00000 (  2.7%),Sackville--Preston--Chezzetcook,12008,2.7
12009,South Shore--St. Margarets (12009)   00000 (  3.6%),South Shore--St. Margarets,12009,3.6
12010,Sydney--Victoria (12010)   00000 (  4.2%),Sydney--Victoria,12010,4.2
12011,West Nova / Nova-Ouest (12011)   00000 (  4.4%),West Nova / Nova-Ouest,12011,4.4
13,New Brunswick / Nouveau-Brunswick (13)   00000 (  3.9%),New Brunswick / Nouveau-Brunswick,13,3.9
13001,Acadie--Bathurst (13001)   00000 (  4.1%),Acadie--Bathurst,13001,4.1
13002,Beausï¿½jour (13002)   00000 (  4.1,Beausï¿½jo,13002,4.1
13003,Fredericton (13003)   00000 (  4.3%),Fredericton,13003,4.3
13004,Fundy Royal (13004)   00000 (  2.9%),Fundy Royal,13004,2.9
13005,Madawaska--Restigouche (13005)   00000 (  4.4%),Madawaska--Restigouche,13005,4.4
13006,Miramichi--Grand Lake (13006)   00000 (  3.7%),Miramichi--Grand Lake,13006,3.7
13007,Moncton--Riverview--Dieppe (13007)   00000 (  4.2%),Moncton--Riverview--Dieppe,13007,4.2
13008,New Brunswick Southwest / Nouveau-Brunswick-Sud-Ouest (13008)   00000 (  3.3%),New Brunswick Southwest / Nouveau-Brunswick-Sud-Ouest,13008,3.3
13009,Saint John--Rothesay (13009)   00000 (  4.0%),Saint John--Rothesay,13009,4
13010,Tobique--Mactaquac (13010)   00000 (  3.4%),Tobique--Mactaquac,13010,3.4
24,Quebec / Quï¿½bec (24)   20000 (  3.7,Quebec / Quï¿½b,24,3.7
24001,Abitibi--Baie-James--Nunavik--Eeyou (24001)   00100 (  7.4%),Abitibi--Baie-James--Nunavik--Eeyou,24001,7.4
24002,Abitibi--Tï¿½miscamingue (24002)   00000 (  4.4,Abitibi--Tï¿½miscaming,24002,4.4
24003,Ahuntsic-Cartierville (24003)   00000 (  4.5%),Ahuntsic-Cartierville,24003,4.5
24004,Alfred-Pellan (24004)   00000 (  3.3%),Alfred-Pellan,24004,3.3
24005,Argenteuil--La Petite-Nation (24005)   00000 (  3.4%),Argenteuil--La Petite-Nation,24005,3.4
24006,Avignon--La Mitis--Matane--Matapï¿½dia (24006)   00000 (  4.7,Avignon--La Mitis--Matane--Matapï¿½d,24006,4.7
24007,Beauce (24007)   00000 (  3.6%),Beauce,24007,3.6
24008,Beauport--Limoilou (24008)   00000 (  4.9%),Beauport--Limoilou,24008,4.9
24009,Bï¿½cancour--Nicolet--Saurel (24009)   00000 (  3.7,Bï¿½cancour--Nicolet--Saur,24009,3.7
24010,Bellechasse--Les Etchemins--Lï¿½vis (24010)   00000 (  4.3,Bellechasse--Les Etchemins--Lï¿½v,24010,4.3
24011,Beloeil--Chambly (24011)   00000 (  2.9%),Beloeil--Chambly,24011,2.9
24012,Berthier--Maskinongï¿½ (24012)   00000 (  3.6,Berthier--Maskinongï,24012,3.6
24013,Thï¿½rï¿½se-De Blainville (24013)   00000 (  3,Thï¿½rï¿½se-De Blainv,24013,3.1
24014,Pierre-Boucher--Les Patriotes--Verchï¿½res (24014)   00000 (  2.7,Pierre-Boucher--Les Patriotes--Verchï¿½r,24014,2.7
24015,Bourassa (24015)   00000 (  4.7%),Bourassa,24015,4.7
24016,Brome--Missisquoi (24016)   00000 (  4.4%),Brome--Missisquoi,24016,4.4
24017,Brossard--Saint-Lambert (24017)   00000 (  3.3%),Brossard--Saint-Lambert,24017,3.3
24018,Rimouski-Neigette--Tï¿½miscouata--Les Basques (24018)   00000 (  4.1,Rimouski-Neigette--Tï¿½miscouata--Les Basqu,24018,4.1
24019,Charlesbourg--Haute-Saint-Charles (24019)   00000 (  3.5%),Charlesbourg--Haute-Saint-Charles,24019,3.5
24020,Beauport--Cï¿½te-de-Beauprï¿½--ï¿½le d'Orlï¿½ans--Charlevoix (24020)   00000 ,Beauport--Cï¿½te-de-Beauprï¿½--ï¿½le d'Orlï¿½ans--Ch,24020,3.4
24021,Chï¿½teauguay--Lacolle (24021)   00000 (  2.9,Chï¿½teauguay--Lacol,24021,2.9
24022,Chicoutimi--Le Fjord (24022)   00000 (  3.7%),Chicoutimi--Le Fjord,24022,3.7
24023,Compton--Stanstead (24023)   00000 (  3.3%),Compton--Stanstead,24023,3.3
24024,Dorval--Lachine--LaSalle (24024)   00000 (  3.7%),Dorval--Lachine--LaSalle,24024,3.7
24025,Drummond (24025)   00000 (  4.4%),Drummond,24025,4.4
24026,Gaspï¿½sie--Les ï¿½les-de-la-Madeleine (24026)   00000 (  3,Gaspï¿½sie--Les ï¿½les-de-la-Madel,24026,3.7
24027,Gatineau (24027)   00000 (  3.7%),Gatineau,24027,3.7
24028,Hochelaga (24028)   00000 (  4.4%),Hochelaga,24028,4.4
24029,Honorï¿½-Mercier (24029)   00000 (  2.8,Honorï¿½-Merci,24029,2.8
24030,Hull--Aylmer (24030)   00000 (  3.8%),Hull--Aylmer,24030,3.8
24031,Joliette (24031)   00000 (  4.9%),Joliette,24031,4.9
24032,Jonquiï¿½re (24032)   00000 (  3.9,Jonquiï¿½,24032,3.9
24033,La Pointe-de-l'ï¿½le (24033)   00000 (  3.7,La Pointe-de-l'ï¿½,24033,3.7
24034,La Prairie (24034)   20000 (  2.3%),La Prairie,24034,2.3
24035,Lac-Saint-Jean (24035)   00000 (  4.0%),Lac-Saint-Jean,24035,4
24036,Lac-Saint-Louis (24036)   00000 (  2.8%),Lac-Saint-Louis,24036,2.8
24037,LaSalle--ï¿½mard--Verdun (24037)   00000 (  4.2,LaSalle--ï¿½mard--Verd,24037,4.2
24038,Laurentides--Labelle (24038)   20000 (  4.5%),Laurentides--Labelle,24038,4.5
24039,Laurier--Sainte-Marie (24039)   00000 (  4.7%),Laurier--Sainte-Marie,24039,4.7
24040,Laval--Les ï¿½les (24040)   00000 (  2.4,Laval--Les ï¿½l,24040,2.4
24041,Longueuil--Charles-LeMoyne (24041)   00000 (  3.0%),Longueuil--Charles-LeMoyne,24041,3
24042,Lï¿½vis--Lotbiniï¿½re (24042)   00000 (  2,Lï¿½vis--Lotbiniï,24042,2.7
24043,Longueuil--Saint-Hubert (24043)   00000 (  3.8%),Longueuil--Saint-Hubert,24043,3.8
24044,Louis-Hï¿½bert (24044)   00000 (  4.3,Louis-Hï¿½be,24044,4.3
24045,Louis-Saint-Laurent (24045)   00000 (  3.2%),Louis-Saint-Laurent,24045,3.2
24046,Manicouagan (24046)   00000 (  5.7%),Manicouagan,24046,5.7
24047,Mï¿½gantic--L'ï¿½rable (24047)   00000 (  4,Mï¿½gantic--L'ï¿½r,24047,4.3
24048,Mirabel (24048)   20000 (  2.4%),Mirabel,24048,2.4
24049,Montarville (24049)   00000 (  2.1%),Montarville,24049,2.1
24050,Montcalm (24050)   00000 (  2.9%),Montcalm,24050,2.9
24051,Montmagny--L'Islet--Kamouraska--Riviï¿½re-du-Loup (24051)   00000 (  3.9,Montmagny--L'Islet--Kamouraska--Riviï¿½re-du-Lo,24051,3.9
24052,Mont-Royal / Mount Royal (24052)   00000 (  3.3%),Mont-Royal / Mount Royal,24052,3.3
24053,Notre-Dame-de-Grï¿½ce--Westmount (24053)   00000 (  3.4,Notre-Dame-de-Grï¿½ce--Westmou,24053,3.4
24054,Outremont (24054)   00000 (  5.0%),Outremont,24054,5
24055,Papineau (24055)   00000 (  3.4%),Papineau,24055,3.4
24056,Pierrefonds--Dollard (24056)   00000 (  2.3%),Pierrefonds--Dollard,24056,2.3
24057,Pontiac (24057)   20000 (  3.6%),Pontiac,24057,3.6
24058,Portneuf--Jacques-Cartier (24058)   00000 (  3.5%),Portneuf--Jacques-Cartier,24058,3.5
24059,Quï¿½bec (24059)   00000 (  6.0,Quï¿½b,24059,6
24060,Repentigny (24060)   00000 (  2.2%),Repentigny,24060,2.2
24061,Richmond--Arthabaska (24061)   00000 (  4.3%),Richmond--Arthabaska,24061,4.3
24062,Riviï¿½re-des-Mille-ï¿½les (24062)   00000 (  2,Riviï¿½re-des-Mille-ï¿,24062,2.5
24063,Riviï¿½re-du-Nord (24063)   00000 (  4.0,Riviï¿½re-du-No,24063,4
24064,Rosemont--La Petite-Patrie (24064)   00000 (  4.0%),Rosemont--La Petite-Patrie,24064,4
24065,Marc-Aurï¿½le-Fortin (24065)   00000 (  2.3,Marc-Aurï¿½le-Fort,24065,2.3
24066,Saint-Hyacinthe--Bagot (24066)   00000 (  4.1%),Saint-Hyacinthe--Bagot,24066,4.1
24067,Saint-Jean (24067)   00000 (  3.5%),Saint-Jean,24067,3.5
24068,Saint-Laurent (24068)   00000 (  2.8%),Saint-Laurent,24068,2.8
24069,Saint-Lï¿½onard--Saint-Michel (24069)   00000 (  2.9,Saint-Lï¿½onard--Saint-Mich,24069,2.9
24070,Saint-Maurice--Champlain (24070)   00000 (  4.1%),Saint-Maurice--Champlain,24070,4.1
24071,Salaberry--Suroï¿½t (24071)   00000 (  4.3,Salaberry--Suroï¿,24071,4.3
24072,Shefford (24072)   00000 (  3.9%),Shefford,24072,3.9
24073,Sherbrooke (24073)   00000 (  4.7%),Sherbrooke,24073,4.7
24074,Vaudreuil--Soulanges (24074)   00000 (  2.2%),Vaudreuil--Soulanges,24074,2.2
24075,Terrebonne (24075)   00000 (  1.8%),Terrebonne,24075,1.8
24076,Trois-Riviï¿½res (24076)   00000 (  4.9,Trois-Riviï¿½r,24076,4.9
24077,Ville-Marie--Le Sud-Ouest--ï¿½le-des-Soeurs (24077)   00100 (  5.0,Ville-Marie--Le Sud-Ouest--ï¿½le-des-Soeu,24077,5
24078,Vimy (24078)   00000 (  3.5%),Vimy,24078,3.5
35,Ontario (35)   20000 (  3.7%),Ontario,35,3.7
35001,Ajax (35001)   00000 (  2.4%),Ajax,35001,2.4
35002,Algoma--Manitoulin--Kapuskasing (35002)   00000 (  6.2%),Algoma--Manitoulin--Kapuskasing,35002,6.2
35003,Aurora--Oak Ridges--Richmond Hill (35003)   00000 (  2.3%),Aurora--Oak Ridges--Richmond Hill,35003,2.3
35004,Barrie--Innisfil (35004)   00000 (  3.2%),Barrie--Innisfil,35004,3.2
35005,Barrie--Springwater--Oro-Medonte (35005)   00000 (  3.6%),Barrie--Springwater--Oro-Medonte,35005,3.6
35006,Bay of Quinte / Baie de Quinte (35006)   00000 (  4.2%),Bay of Quinte / Baie de Quinte,35006,4.2
35007,Beaches--East York (35007)   00000 (  3.3%),Beaches--East York,35007,3.3
35008,Brampton Centre / Brampton-Centre (35008)   00000 (  2.7%),Brampton Centre / Brampton-Centre,35008,2.7
35009,Brampton East / Brampton-Est (35009)   00000 (  2.1%),Brampton East / Brampton-Est,35009,2.1
35010,Brampton North / Brampton-Nord (35010)   00000 (  2.4%),Brampton North / Brampton-Nord,35010,2.4
35011,Brampton South / Brampton-Sud (35011)   00000 (  2.9%),Brampton South / Brampton-Sud,35011,2.9
35012,Brampton West / Brampton-Ouest (35012)   00000 (  2.1%),Brampton West / Brampton-Ouest,35012,2.1
35013,Brantford--Brant (35013)   20000 (  4.2%),Brantford--Brant,35013,4.2
35014,Bruce--Grey--Owen Sound (35014)   00000 (  5.5%),Bruce--Grey--Owen Sound,35014,5.5
35015,Burlington (35015)   00000 (  3.2%),Burlington,35015,3.2
35016,Cambridge (35016)   00000 (  3.4%),Cambridge,35016,3.4
35017,Chatham-Kent--Leamington (35017)   00000 (  5.4%),Chatham-Kent--Leamington,35017,5.4
35018,Davenport (35018)   00100 (  4.2%),Davenport,35018,4.2
35019,Don Valley East / Don Valley-Est (35019)   00000 (  3.7%),Don Valley East / Don Valley-Est,35019,3.7
35020,Don Valley North / Don Valley-Nord (35020)   00000 (  3.2%),Don Valley North / Don Valley-Nord,35020,3.2
35021,Don Valley West / Don Valley-Ouest (35021)   00000 (  2.7%),Don Valley West / Don Valley-Ouest,35021,2.7
35022,Dufferin--Caledon (35022)   00000 (  2.9%),Dufferin--Caledon,35022,2.9
35023,Durham (35023)   00000 (  3.0%),Durham,35023,3
35024,Eglinton--Lawrence (35024)   00000 (  3.5%),Eglinton--Lawrence,35024,3.5
35025,Elgin--Middlesex--London (35025)   00000 (  3.5%),Elgin--Middlesex--London,35025,3.5
35026,Essex (35026)   00000 (  4.3%),Essex,35026,4.3
35027,Etobicoke Centre / Etobicoke-Centre (35027)   00000 (  3.2%),Etobicoke Centre / Etobicoke-Centre,35027,3.2
35028,Etobicoke--Lakeshore (35028)   00000 (  3.8%),Etobicoke--Lakeshore,35028,3.8
35029,Etobicoke North / Etobicoke-Nord (35029)   00000 (  3.6%),Etobicoke North / Etobicoke-Nord,35029,3.6
35030,Flamborough--Glanbrook (35030)   00000 (  3.2%),Flamborough--Glanbrook,35030,3.2
35031,Glengarry--Prescott--Russell (35031)   00000 (  3.8%),Glengarry--Prescott--Russell,35031,3.8
35032,Guelph (35032)   00000 (  3.5%),Guelph,35032,3.5
35033,Haldimand--Norfolk (35033)   00000 (  4.5%),Haldimand--Norfolk,35033,4.5
35034,Haliburton--Kawartha Lakes--Brock (35034)   00000 (  5.0%),Haliburton--Kawartha Lakes--Brock,35034,5
35035,Hamilton Centre / Hamilton-Centre (35035)   00100 (  5.5%),Hamilton Centre / Hamilton-Centre,35035,5.5
35036,Hamilton East--Stoney Creek / Hamilton-Est--Stoney Creek (35036)   00000 (  3.2%),Hamilton East--Stoney Creek / Hamilton-Est--Stoney Creek,35036,3.2
35037,Hamilton Mountain (35037)   00000 (  3.1%),Hamilton Mountain,35037,3.1
35038,Hamilton West--Ancaster--Dundas / Hamilton-Ouest--Ancaster--Dundas (35038)   00000 (  4.0%),Hamilton West--Ancaster--Dundas / Hamilton-Ouest--Ancaster--Dundas,35038,4
35039,Hastings--Lennox and Addington (35039)   00000 (  5.4%),Hastings--Lennox and Addington,35039,5.4
35040,Huron--Bruce (35040)   00000 (  5.0%),Huron--Bruce,35040,5
35041,Kanata--Carleton (35041)   00000 (  2.7%),Kanata--Carleton,35041,2.7
35042,Kenora (35042)   20100 (  9.6%),Kenora,35042,9.6
35043,King--Vaughan (35043)   00000 (  2.4%),King--Vaughan,35043,2.4
35044,Kingston and the Islands / Kingston et les ï¿½les (35044)   00000 (  4.2,Kingston and the Islands / Kingston et les ï¿½l,35044,4.2
35045,Kitchener Centre / Kitchener-Centre (35045)   00000 (  4.0%),Kitchener Centre / Kitchener-Centre,35045,4
35046,Kitchener--Conestoga (35046)   00000 (  3.3%),Kitchener--Conestoga,35046,3.3
35047,Kitchener South--Hespeler / Kitchener-Sud--Hespeler (35047)   00000 (  3.1%),Kitchener South--Hespeler / Kitchener-Sud--Hespeler,35047,3.1
35048,Lambton--Kent--Middlesex (35048)   20000 (  4.4%),Lambton--Kent--Middlesex,35048,4.4
35049,Lanark--Frontenac--Kingston (35049)   00000 (  4.7%),Lanark--Frontenac--Kingston,35049,4.7
35050,Leeds-Grenville-Thousand Islands and Rideau Lakes / Leeds-Grenville-Thousand Islands et Rideau Lakes (35050)   00000 (  4.4%),Leeds-Grenville-Thousand Islands and Rideau Lakes / Leeds-Grenville-Thousand Islands et Rideau Lakes,35050,4.4
35051,London--Fanshawe (35051)   00000 (  3.2%),London--Fanshawe,35051,3.2
35052,London North Centre / London-Centre-Nord (35052)   00000 (  4.5%),London North Centre / London-Centre-Nord,35052,4.5
35053,London West / London-Ouest (35053)   00000 (  2.9%),London West / London-Ouest,35053,2.9
35054,Markham--Stouffville (35054)   00000 (  2.3%),Markham--Stouffville,35054,2.3
35055,Markham--Thornhill (35055)   00000 (  1.9%),Markham--Thornhill,35055,1.9
35056,Markham--Unionville (35056)   00000 (  2.1%),Markham--Unionville,35056,2.1
35057,Milton (35057)   00000 (  2.5%),Milton,35057,2.5
35058,Mississauga Centre / Mississauga-Centre (35058)   00000 (  2.3%),Mississauga Centre / Mississauga-Centre,35058,2.3
35059,Mississauga East--Cooksville / Mississauga-Est--Cooksville (35059)   00000 (  3.0%),Mississauga East--Cooksville / Mississauga-Est--Cooksville,35059,3
35060,Mississauga--Erin Mills (35060)   00000 (  2.3%),Mississauga--Erin Mills,35060,2.3
35061,Mississauga--Lakeshore (35061)   00000 (  2.9%),Mississauga--Lakeshore,35061,2.9
35062,Mississauga--Malton (35062)   00000 (  2.5%),Mississauga--Malton,35062,2.5
35063,Mississauga--Streetsville (35063)   00000 (  2.1%),Mississauga--Streetsville,35063,2.1
35064,Nepean (35064)   00000 (  2.4%),Nepean,35064,2.4
35065,Newmarket--Aurora (35065)   00000 (  2.6%),Newmarket--Aurora,35065,2.6
35066,Niagara Centre / Niagara-Centre (35066)   00000 (  3.7%),Niagara Centre / Niagara-Centre,35066,3.7
35067,Niagara Falls (35067)   00000 (  4.3%),Niagara Falls,35067,4.3
35068,Niagara West / Niagara-Ouest (35068)   00000 (  3.6%),Niagara West / Niagara-Ouest,35068,3.6
35069,Nickel Belt (35069)   00000 (  3.6%),Nickel Belt,35069,3.6
35070,Nipissing--Timiskaming (35070)   00000 (  5.1%),Nipissing--Timiskaming,35070,5.1
35071,Northumberland--Peterborough South / Northumberland--Peterborough-Sud (35071)   00000 (  4.7%),Northumberland--Peterborough South / Northumberland--Peterborough-Sud,35071,4.7
35072,Oakville (35072)   00000 (  2.7%),Oakville,35072,2.7
35073,Oakville North--Burlington / Oakville-Nord--Burlington (35073)   00000 (  2.3%),Oakville North--Burlington / Oakville-Nord--Burlington,35073,2.3
35074,Oshawa (35074)   00000 (  3.8%),Oshawa,35074,3.8
35075,Ottawa Centre / Ottawa-Centre (35075)   00000 (  4.5%),Ottawa Centre / Ottawa-Centre,35075,4.5
35076,Orlï¿½ans (35076)   00000 (  2.5,Orlï¿½a,35076,2.5
35077,Ottawa South / Ottawa-Sud (35077)   00000 (  3.7%),Ottawa South / Ottawa-Sud,35077,3.7
35078,Ottawa--Vanier (35078)   00000 (  5.4%),Ottawa--Vanier,35078,5.4
35079,Ottawa West--Nepean / Ottawa-Ouest--Nepean (35079)   00000 (  4.3%),Ottawa West--Nepean / Ottawa-Ouest--Nepean,35079,4.3
35080,Oxford (35080)   00000 (  3.8%),Oxford,35080,3.8
35081,Parkdale--High Park (35081)   00000 (  4.6%),Parkdale--High Park,35081,4.6
35082,Parry Sound--Muskoka (35082)   20000 (  6.1%),Parry Sound--Muskoka,35082,6.1
35083,Perth--Wellington (35083)   00000 (  4.3%),Perth--Wellington,35083,4.3
35084,Peterborough--Kawartha (35084)   00000 (  4.5%),Peterborough--Kawartha,35084,4.5
35085,Pickering--Uxbridge (35085)   00000 (  2.8%),Pickering--Uxbridge,35085,2.8
35086,Renfrew--Nipissing--Pembroke (35086)   00000 (  5.0%),Renfrew--Nipissing--Pembroke,35086,5
35087,Richmond Hill (35087)   00000 (  2.6%),Richmond Hill,35087,2.6
35088,Carleton (35088)   00000 (  2.6%),Carleton,35088,2.6
35089,St. Catharines (35089)   00000 (  4.1%),St. Catharines,35089,4.1
35090,Toronto--St. Paul's (35090)   00000 (  4.8%),Toronto--St. Paul's,35090,4.8
35091,Sarnia--Lambton (35091)   00000 (  3.6%),Sarnia--Lambton,35091,3.6
35092,Sault Ste. Marie (35092)   20000 (  4.5%),Sault Ste. Marie,35092,4.5
35093,Scarborough--Agincourt (35093)   00000 (  3.0%),Scarborough--Agincourt,35093,3
35094,Scarborough Centre / Scarborough-Centre (35094)   00000 (  3.4%),Scarborough Centre / Scarborough-Centre,35094,3.4
35095,Scarborough--Guildwood (35095)   00000 (  3.6%),Scarborough--Guildwood,35095,3.6
35096,Scarborough North / Scarborough-Nord (35096)   00000 (  2.6%),Scarborough North / Scarborough-Nord,35096,2.6
35097,Scarborough--Rouge Park (35097)   00000 (  2.8%),Scarborough--Rouge Park,35097,2.8
35098,Scarborough Southwest / Scarborough-Sud-Ouest (35098)   00000 (  3.9%),Scarborough Southwest / Scarborough-Sud-Ouest,35098,3.9
35099,Simcoe--Grey (35099)   00000 (  4.7%),Simcoe--Grey,35099,4.7
35100,Simcoe North / Simcoe-Nord (35100)   00000 (  4.4%),Simcoe North / Simcoe-Nord,35100,4.4
35101,Spadina--Fort York (35101)   00100 (  5.2%),Spadina--Fort York,35101,5.2
35102,Stormont--Dundas--South Glengarry (35102)   00000 (  4.5%),Stormont--Dundas--South Glengarry,35102,4.5
35103,Sudbury (35103)   00000 (  4.9%),Sudbury,35103,4.9
35104,Thornhill (35104)   00000 (  2.3%),Thornhill,35104,2.3
35105,Thunder Bay--Rainy River (35105)   00000 (  5.2%),Thunder Bay--Rainy River,35105,5.2
35106,Thunder Bay--Superior North / Thunder Bay--Supï¿½rieur-Nord (35106)   00000 (  5.5,Thunder Bay--Superior North / Thunder Bay--Supï¿½rieur-No,35106,5.5
35107,Timmins--James Bay / Timmins--Baie James (35107)   00000 (  5.9%),Timmins--James Bay / Timmins--Baie James,35107,5.9
35108,Toronto Centre / Toronto-Centre (35108)   00100 (  6.9%),Toronto Centre / Toronto-Centre,35108,6.9
35109,Toronto--Danforth (35109)   00000 (  3.7%),Toronto--Danforth,35109,3.7
35110,University--Rosedale (35110)   00100 (  5.8%),University--Rosedale,35110,5.8
35111,Vaughan--Woodbridge (35111)   00000 (  2.3%),Vaughan--Woodbridge,35111,2.3
35112,Waterloo (35112)   00000 (  4.0%),Waterloo,35112,4
35113,Wellington--Halton Hills (35113)   00000 (  3.2%),Wellington--Halton Hills,35113,3.2
35114,Whitby (35114)   00000 (  2.8%),Whitby,35114,2.8
35115,Willowdale (35115)   00000 (  3.6%),Willowdale,35115,3.6
35116,Windsor--Tecumseh (35116)   00000 (  3.2%),Windsor--Tecumseh,35116,3.2
35117,Windsor West / Windsor-Ouest (35117)   00000 (  4.0%),Windsor West / Windsor-Ouest,35117,4
35118,York Centre / York-Centre (35118)   00000 (  3.3%),York Centre / York-Centre,35118,3.3
35119,York--Simcoe (35119)   00000 (  3.3%),York--Simcoe,35119,3.3
35120,York South--Weston / York-Sud--Weston (35120)   00000 (  4.2%),York South--Weston / York-Sud--Weston,35120,4.2
35121,Humber River--Black Creek (35121)   00000 (  3.7%),Humber River--Black Creek,35121,3.7
46,Manitoba (46)   00000 (  4.3%),Manitoba,46,4.3
46001,Brandon--Souris (46001)   00000 (  4.3%),Brandon--Souris,46001,4.3
46002,Charleswood--St. James--Assiniboia--Headingley (46002)   00000 (  3.7%),Charleswood--St. James--Assiniboia--Headingley,46002,3.7
46003,Churchill--Keewatinook Aski (46003)   00100 (  9.7%),Churchill--Keewatinook Aski,46003,9.7
46004,Dauphin--Swan River--Neepawa (46004)   00000 (  5.8%),Dauphin--Swan River--Neepawa,46004,5.8
46005,Elmwood--Transcona (46005)   00000 (  2.9%),Elmwood--Transcona,46005,2.9
46006,Kildonan--St. Paul (46006)   00000 (  2.4%),Kildonan--St. Paul,46006,2.4
46007,Portage--Lisgar (46007)   00000 (  4.3%),Portage--Lisgar,46007,4.3
46008,Provencher (46008)   00000 (  4.0%),Provencher,46008,4
46009,Saint Boniface--Saint Vital / Saint-Boniface--Saint-Vital (46009)   00000 (  3.2%),Saint Boniface--Saint Vital / Saint-Boniface--Saint-Vital,46009,3.2
46010,Selkirk--Interlake--Eastman (46010)   00000 (  5.2%),Selkirk--Interlake--Eastman,46010,5.2
46011,Winnipeg Centre / Winnipeg-Centre (46011)   00000 (  5.3%),Winnipeg Centre / Winnipeg-Centre,46011,5.3
46012,Winnipeg North / Winnipeg-Nord (46012)   00000 (  3.0%),Winnipeg North / Winnipeg-Nord,46012,3
46013,Winnipeg South / Winnipeg-Sud (46013)   00000 (  2.7%),Winnipeg South / Winnipeg-Sud,46013,2.7
46014,Winnipeg South Centre / Winnipeg-Centre-Sud (46014)   00000 (  3.5%),Winnipeg South Centre / Winnipeg-Centre-Sud,46014,3.5
47,Saskatchewan (47)   00000 (  4.8%),Saskatchewan,47,4.8
47001,Battlefords--Lloydminster (47001)   00000 (  4.9%),Battlefords--Lloydminster,47001,4.9
47002,Cypress Hills--Grasslands (47002)   00000 (  5.7%),Cypress Hills--Grasslands,47002,5.7
47003,Desnethï¿½--Missinippi--Churchill River / Desnethï¿½--Missinippi--Riviï¿½re Churchill (47003)   00100 ( ,Desnethï¿½--Missinippi--Churchill River / Desnethï¿½--Missinippi--Riviï¿½re Chu,47003,6.3
47004,Carlton Trail--Eagle Creek /Sentier Carlton--Eagle Creek (47004)   00000 (  4.4%),Carlton Trail--Eagle Creek /Sentier Carlton--Eagle Creek,47004,4.4
47005,Moose Jaw--Lake Centre--Lanigan (47005)   00000 (  5.6%),Moose Jaw--Lake Centre--Lanigan,47005,5.6
47006,Prince Albert (47006)   00000 (  5.6%),Prince Albert,47006,5.6
47007,Regina--Lewvan (47007)   00000 (  3.7%),Regina--Lewvan,47007,3.7
47008,Regina--Qu'Appelle (47008)   00000 (  4.4%),Regina--Qu'Appelle,47008,4.4
47009,Regina--Wascana (47009)   00000 (  4.0%),Regina--Wascana,47009,4
47010,Saskatoon--Grasswood (47010)   00000 (  4.4%),Saskatoon--Grasswood,47010,4.4
47011,Saskatoon--University (47011)   00000 (  3.7%),Saskatoon--University,47011,3.7
47012,Saskatoon West / Saskatoon-Ouest (47012)   00000 (  5.0%),Saskatoon West / Saskatoon-Ouest,47012,5
47013,Souris--Moose Mountain (47013)   00000 (  4.8%),Souris--Moose Mountain,47013,4.8
47014,Yorkton--Melville (47014)   00000 (  4.8%),Yorkton--Melville,47014,4.8
48,Alberta (48)   20000 (  4.7%),Alberta,48,4.7
48001,Banff--Airdrie (48001)   00100 (  5.7%),Banff--Airdrie,48001,5.7
48002,Battle River--Crowfoot (48002)   00000 (  5.3%),Battle River--Crowfoot,48002,5.3
48003,Bow River (48003)   00000 (  4.5%),Bow River,48003,4.5
48004,Calgary Centre / Calgary-Centre (48004)   00100 (  6.6%),Calgary Centre / Calgary-Centre,48004,6.6
48005,Calgary Confederation (48005)   00100 (  6.1%),Calgary Confederation,48005,6.1
48006,Calgary Forest Lawn (48006)   00100 (  4.1%),Calgary Forest Lawn,48006,4.1
48007,Calgary Heritage (48007)   00000 (  3.4%),Calgary Heritage,48007,3.4
48008,Calgary Midnapore (48008)   00000 (  3.6%),Calgary Midnapore,48008,3.6
48009,Calgary Nose Hill (48009)   00000 (  2.8%),Calgary Nose Hill,48009,2.8
48010,Calgary Rocky Ridge (48010)   00000 (  3.1%),Calgary Rocky Ridge,48010,3.1
48011,Calgary Shepard (48011)   00000 (  3.2%),Calgary Shepard,48011,3.2
48012,Calgary Signal Hill (48012)   00000 (  3.5%),Calgary Signal Hill,48012,3.5
48013,Calgary Skyview (48013)   00000 (  3.0%),Calgary Skyview,48013,3
48014,Edmonton Centre / Edmonton-Centre (48014)   00100 (  6.7%),Edmonton Centre / Edmonton-Centre,48014,6.7
48015,Edmonton Griesbach (48015)   00100 (  5.9%),Edmonton Griesbach,48015,5.9
48016,Edmonton Manning (48016)   00000 (  3.7%),Edmonton Manning,48016,3.7
48017,Edmonton Mill Woods (48017)   00000 (  3.6%),Edmonton Mill Woods,48017,3.6
48018,Edmonton Riverbend (48018)   00000 (  3.5%),Edmonton Riverbend,48018,3.5
48019,Edmonton Strathcona (48019)   00100 (  5.8%),Edmonton Strathcona,48019,5.8
48020,Edmonton West / Edmonton-Ouest (48020)   00000 (  4.3%),Edmonton West / Edmonton-Ouest,48020,4.3
48021,Edmonton--Wetaskiwin (48021)   00000 (  3.6%),Edmonton--Wetaskiwin,48021,3.6
48022,Foothills (48022)   00000 (  4.9%),Foothills,48022,4.9
48023,Fort McMurray--Cold Lake (48023)   01100 ( 11.4%),Fort McMurray--Cold Lake,48023,11.4
48024,Grande Prairie--Mackenzie (48024)   00000 (  5.0%),Grande Prairie--Mackenzie,48024,5
48025,Lakeland (48025)   20000 (  5.2%),Lakeland,48025,5.2
48026,Lethbridge (48026)   00000 (  4.8%),Lethbridge,48026,4.8
48027,Medicine Hat--Cardston--Warner (48027)   00000 (  5.1%),Medicine Hat--Cardston--Warner,48027,5.1
48028,Peace River--Westlock (48028)   00000 (  5.5%),Peace River--Westlock,48028,5.5
48029,Red Deer--Mountain View (48029)   00000 (  5.1%),Red Deer--Mountain View,48029,5.1
48030,Red Deer--Lacombe (48030)   00000 (  5.2%),Red Deer--Lacombe,48030,5.2
48031,St. Albert--Edmonton (48031)   00000 (  3.7%),St. Albert--Edmonton,48031,3.7
48032,Sherwood Park--Fort Saskatchewan (48032)   00000 (  3.3%),Sherwood Park--Fort Saskatchewan,48032,3.3
48033,Sturgeon River--Parkland (48033)   00000 (  4.4%),Sturgeon River--Parkland,48033,4.4
48034,Yellowhead (48034)   00100 (  6.4%),Yellowhead,48034,6.4
59,British Columbia / Colombie-Britannique (59)   20000 (  4.9%),British Columbia / Colombie-Britannique,59,4.9
59001,Abbotsford (59001)   00000 (  4.6%),Abbotsford,59001,4.6
59002,Burnaby North--Seymour / Burnaby-Nord--Seymour (59002)   00000 (  4.0%),Burnaby North--Seymour / Burnaby-Nord--Seymour,59002,4
59003,Burnaby South / Burnaby-Sud (59003)   00000 (  3.9%),Burnaby South / Burnaby-Sud,59003,3.9
59004,Cariboo--Prince George (59004)   00000 (  4.8%),Cariboo--Prince George,59004,4.8
59005,Central Okanagan--Similkameen--Nicola (59005)   00000 (  5.9%),Central Okanagan--Similkameen--Nicola,59005,5.9
59006,Chilliwack--Hope (59006)   00000 (  5.2%),Chilliwack--Hope,59006,5.2
59007,Cloverdale--Langley City (59007)   00000 (  3.6%),Cloverdale--Langley City,59007,3.6
59008,Coquitlam--Port Coquitlam (59008)   00000 (  3.6%),Coquitlam--Port Coquitlam,59008,3.6
59009,Courtenay--Alberni (59009)   00000 (  5.5%),Courtenay--Alberni,59009,5.5
59010,Cowichan--Malahat--Langford (59010)   00000 (  5.0%),Cowichan--Malahat--Langford,59010,5
59011,Delta (59011)   00000 (  3.4%),Delta,59011,3.4
59012,Fleetwood--Port Kells (59012)   00000 (  3.7%),Fleetwood--Port Kells,59012,3.7
59013,Kamloops--Thompson--Cariboo (59013)   00000 (  5.7%),Kamloops--Thompson--Cariboo,59013,5.7
59014,Kelowna--Lake Country (59014)   00000 (  4.3%),Kelowna--Lake Country,59014,4.3
59015,Kootenay--Columbia (59015)   00100 (  6.7%),Kootenay--Columbia,59015,6.7
59016,Langley--Aldergrove (59016)   00000 (  4.0%),Langley--Aldergrove,59016,4
59017,Mission--Matsqui--Fraser Canyon (59017)   00100 (  5.6%),Mission--Matsqui--Fraser Canyon,59017,5.6
59018,Nanaimo--Ladysmith (59018)   00000 (  5.1%),Nanaimo--Ladysmith,59018,5.1
59019,New Westminster--Burnaby (59019)   00000 (  4.9%),New Westminster--Burnaby,59019,4.9
59020,North Okanagan--Shuswap (59020)   00000 (  5.5%),North Okanagan--Shuswap,59020,5.5
59021,North Vancouver (59021)   00000 (  4.0%),North Vancouver,59021,4
59022,Pitt Meadows--Maple Ridge (59022)   00000 (  3.9%),Pitt Meadows--Maple Ridge,59022,3.9
59023,Port Moody--Coquitlam (59023)   00000 (  3.6%),Port Moody--Coquitlam,59023,3.6
59024,Prince George--Peace River--Northern Rockies (59024)   00000 (  5.2%),Prince George--Peace River--Northern Rockies,59024,5.2
59025,Richmond Centre / Richmond-Centre (59025)   00000 (  3.4%),Richmond Centre / Richmond-Centre,59025,3.4
59026,Esquimalt--Saanich--Sooke (59026)   20000 (  4.8%),Esquimalt--Saanich--Sooke,59026,4.8
59027,Saanich--Gulf Islands (59027)   00000 (  4.7%),Saanich--Gulf Islands,59027,4.7
59028,Skeena--Bulkley Valley (59028)   00100 (  6.9%),Skeena--Bulkley Valley,59028,6.9
59029,South Okanagan--West Kootenay / Okanagan-Sud--Kootenay-Ouest (59029)   00000 (  6.4%),South Okanagan--West Kootenay / Okanagan-Sud--Kootenay-Ouest,59029,6.4
59030,South Surrey--White Rock / Surrey-Sud--White Rock (59030)   00000 (  4.8%),South Surrey--White Rock / Surrey-Sud--White Rock,59030,4.8
59031,Steveston--Richmond East / Steveston--Richmond-Est (59031)   00000 (  3.3%),Steveston--Richmond East / Steveston--Richmond-Est,59031,3.3
59032,Surrey Centre / Surrey-Centre (59032)   00100 (  5.6%),Surrey Centre / Surrey-Centre,59032,5.6
59033,Surrey--Newton (59033)   00100 (  4.4%),Surrey--Newton,59033,4.4
59034,Vancouver Centre / Vancouver-Centre (59034)   00100 (  6.4%),Vancouver Centre / Vancouver-Centre,59034,6.4
59035,Vancouver East / Vancouver-Est (59035)   00100 (  7.4%),Vancouver East / Vancouver-Est,59035,7.4
59036,Vancouver Granville (59036)   00000 (  4.7%),Vancouver Granville,59036,4.7
59037,North Island--Powell River (59037)   00000 (  5.2%),North Island--Powell River,59037,5.2
59038,Vancouver Kingsway (59038)   00000 (  3.9%),Vancouver Kingsway,59038,3.9
59039,Vancouver Quadra (59039)   00100 (  6.1%),Vancouver Quadra,59039,6.1
59040,Vancouver South / Vancouver-Sud (59040)   00000 (  3.7%),Vancouver South / Vancouver-Sud,59040,3.7
59041,Victoria (59041)   00000 (  6.1%),Victoria,59041,6.1
59042,West Vancouver--Sunshine Coast--Sea to Sky Country (59042)   00100 (  6.5%),West Vancouver--Sunshine Coast--Sea to Sky Country,59042,6.5
60,Yukon (60)   00100 (  6.7%),Yukon,60,6.7
60001,Yukon (60001)   00100 (  6.7%),Yukon,60001,6.7
61,Northwest Territories / Territoires du Nord-Ouest (61)   00100 (  7.5%),Northwest Territories / Territoires du Nord-Ouest,61,7.5
61001,Northwest Territories / Territoires du Nord-Ouest (61001)   00100 (  7.5%),Northwest Territories / Territoires du Nord-Ouest,61001,7.5
62,Nunavut (62)   00100 (  7.9%),Nunavut,62,7.9
62001,Nunavut (62001)   00100 (  7.9%),Nunavut,62001,7.9
